{"cameraMode":{"drawMode":0,"name":"Shaded","section":"Shading Mode"},"sceneLighting":false,"audioPlay":false,"sceneViewState":{"m_AlwaysRefresh":false,"showFog":true,"showSkybox":false,"showFlares":true,"showImageEffects":true,"showParticleSystems":true,"showVisualEffectGraphs":true,"m_FxEnabled":true},"in2DMode":false,"pivot":{"x":1.8000030517578126,"y":1.5175018310546876,"z":-4.1579999923706059},"rotation":{"x":-0.0794035866856575,"y":0.015185458585619927,"z":-0.0028319794218987228,"w":-0.9970322847366333},"size":5.162295341491699,"orthographic":false}