{"cameraMode":{"drawMode":0,"name":"Shaded","section":"Shading Mode"},"sceneLighting":true,"audioPlay":false,"sceneViewState":{"m_AlwaysRefresh":false,"showFog":true,"showSkybox":false,"showFlares":true,"showImageEffects":true,"showParticleSystems":true,"showVisualEffectGraphs":true,"m_FxEnabled":true},"in2DMode":false,"pivot":{"x":5.266685485839844,"y":11.118048667907715,"z":7.220342636108398},"rotation":{"x":0.008325263857841492,"y":-0.9917635917663574,"z":0.09730381518602371,"w":0.08352221548557282},"size":83.56884002685547,"orthographic":false}