{"cameraMode":{"drawMode":0,"name":"Shaded","section":"Shading Mode"},"sceneLighting":false,"audioPlay":false,"sceneViewState":{"m_AlwaysRefresh":false,"showFog":true,"showSkybox":true,"showFlares":true,"showImageEffects":true,"showParticleSystems":true,"showVisualEffectGraphs":true,"m_FxEnabled":true},"in2DMode":false,"pivot":{"x":0.7584781646728516,"y":10.172233581542969,"z":61.025718688964847},"rotation":{"x":0.42979660630226138,"y":-0.4655730724334717,"z":0.2776746451854706,"w":0.7224491238594055},"size":30.02166748046875,"orthographic":false}