{"cameraMode":{"drawMode":0,"name":"Shaded","section":"Shading Mode"},"sceneLighting":false,"audioPlay":false,"sceneViewState":{"m_AlwaysRefresh":true,"showFog":true,"showSkybox":true,"showFlares":true,"showImageEffects":true,"showParticleSystems":true,"showVisualEffectGraphs":true,"m_FxEnabled":false},"in2DMode":false,"pivot":{"x":7.238616943359375,"y":-0.7110009789466858,"z":11.718855857849121},"rotation":{"x":0.009228527545928955,"y":-0.9742368459701538,"z":0.056353386491537097,"w":0.22061488032341004},"size":23.629743576049806,"orthographic":false}