{"cameraMode":{"drawMode":0,"name":"Shaded","section":"Shading Mode"},"sceneLighting":true,"audioPlay":false,"sceneViewState":{"m_AlwaysRefresh":false,"showFog":true,"showSkybox":true,"showFlares":true,"showImageEffects":true,"showParticleSystems":true,"showVisualEffectGraphs":true,"m_FxEnabled":true},"in2DMode":false,"pivot":{"x":1.6025315523147584,"y":0.7768232822418213,"z":4.292759895324707},"rotation":{"x":-0.3793983459472656,"y":0.13026589155197144,"z":-0.05432562157511711,"w":-0.9144659638404846},"size":1.6583125591278077,"orthographic":false}