{"cameraMode":{"drawMode":0,"name":"Shaded","section":"Shading Mode"},"sceneLighting":false,"audioPlay":false,"sceneViewState":{"m_AlwaysRefresh":false,"showFog":true,"showSkybox":true,"showFlares":true,"showImageEffects":true,"showParticleSystems":true,"showVisualEffectGraphs":true,"m_FxEnabled":true},"in2DMode":false,"pivot":{"x":2.6785974502563478,"y":4.564128875732422,"z":-11.616971969604493},"rotation":{"x":-0.07470858842134476,"y":-0.10430998355150223,"z":0.006221432704478502,"w":-0.9920259714126587},"size":2.747074842453003,"orthographic":false}