{"cameraMode":{"drawMode":0,"name":"Shaded","section":"Shading Mode"},"sceneLighting":false,"audioPlay":false,"sceneViewState":{"m_AlwaysRefresh":false,"showFog":true,"showSkybox":true,"showFlares":true,"showImageEffects":true,"showParticleSystems":true,"showVisualEffectGraphs":true,"m_FxEnabled":true},"in2DMode":false,"pivot":{"x":2.051494598388672,"y":2.116438388824463,"z":-9.237300872802735},"rotation":{"x":-0.3705413043498993,"y":0.006784879602491856,"z":-0.004219056572765112,"w":-0.9290988445281982},"size":1.9045754671096802,"orthographic":false}