{"cameraMode":{"drawMode":0,"name":"Shaded","section":"Shading Mode"},"sceneLighting":true,"audioPlay":false,"sceneViewState":{"m_AlwaysRefresh":false,"showFog":true,"showSkybox":true,"showFlares":true,"showImageEffects":true,"showParticleSystems":true,"showVisualEffectGraphs":true,"m_FxEnabled":true},"in2DMode":false,"pivot":{"x":166.8612823486328,"y":147.1361846923828,"z":-316.9277648925781},"rotation":{"x":0.10293085128068924,"y":0.08583085238933563,"z":-0.008919998072087765,"w":0.9909519553184509},"size":10.98241901397705,"orthographic":false}