{"cameraMode":{"drawMode":0,"name":"Shaded","section":"Shading Mode"},"sceneLighting":false,"audioPlay":false,"sceneViewState":{"m_AlwaysRefresh":true,"showFog":true,"showSkybox":true,"showFlares":true,"showImageEffects":true,"showParticleSystems":true,"showVisualEffectGraphs":true,"m_FxEnabled":false},"in2DMode":false,"pivot":{"x":1.9928112030029297,"y":2.7908692359924318,"z":20.143857955932618},"rotation":{"x":-0.36187729239463808,"y":-0.19197215139865876,"z":0.07355150580406189,"w":-0.9098858833312988},"size":2.2682528495788576,"orthographic":false}