{"cameraMode":{"drawMode":0,"name":"Shaded","section":"Shading Mode"},"sceneLighting":true,"audioPlay":false,"sceneViewState":{"m_AlwaysRefresh":false,"showFog":true,"showSkybox":true,"showFlares":true,"showImageEffects":true,"showParticleSystems":true,"showVisualEffectGraphs":true,"m_FxEnabled":true},"in2DMode":false,"pivot":{"x":2.111219644546509,"y":-23.557937622070314,"z":3.7117950916290285},"rotation":{"x":-0.6381800770759583,"y":0.004814038518816233,"z":-0.008563290350139141,"w":-0.7704494595527649},"size":15.064605712890625,"orthographic":false}