{"cameraMode":{"drawMode":0,"name":"Shaded","section":"Shading Mode"},"sceneLighting":true,"audioPlay":false,"sceneViewState":{"m_AlwaysRefresh":false,"showFog":true,"showSkybox":true,"showFlares":true,"showImageEffects":true,"showParticleSystems":true,"showVisualEffectGraphs":true,"m_FxEnabled":true},"in2DMode":false,"pivot":{"x":0.8212819695472717,"y":2.3837621212005617,"z":-14.339656829833985},"rotation":{"x":0.07385315001010895,"y":-0.9262698292732239,"z":0.26533064246177676,"w":0.2575549781322479},"size":2.61263108253479,"orthographic":false}