{"cameraMode":{"drawMode":0,"name":"Shaded","section":"Shading Mode"},"sceneLighting":false,"audioPlay":false,"sceneViewState":{"m_AlwaysRefresh":true,"showFog":true,"showSkybox":true,"showFlares":true,"showImageEffects":true,"showParticleSystems":true,"showVisualEffectGraphs":true,"m_FxEnabled":false},"in2DMode":false,"pivot":{"x":13.34225845336914,"y":8.874664306640625,"z":27.153564453125},"rotation":{"x":0.002943366300314665,"y":-0.020925462245941163,"z":-0.0026836690958589317,"w":-1.0003292560577393},"size":193.7896728515625,"orthographic":false}