{"cameraMode":{"drawMode":0,"name":"Shaded","section":"Shading Mode"},"sceneLighting":false,"audioPlay":false,"sceneViewState":{"m_AlwaysRefresh":true,"showFog":true,"showSkybox":true,"showFlares":true,"showImageEffects":true,"showParticleSystems":true,"showVisualEffectGraphs":true,"m_FxEnabled":false},"in2DMode":false,"pivot":{"x":26.170732498168947,"y":4.3040242195129398,"z":35.19425582885742},"rotation":{"x":-0.38464054465293887,"y":0.14436572790145875,"z":-0.06489924341440201,"w":-0.9099209904670715},"size":3.1787867546081545,"orthographic":false}