{"cameraMode":{"drawMode":0,"name":"Shaded","section":"Shading Mode"},"sceneLighting":false,"audioPlay":false,"sceneViewState":{"m_AlwaysRefresh":true,"showFog":true,"showSkybox":true,"showFlares":true,"showImageEffects":true,"showParticleSystems":true,"showVisualEffectGraphs":true,"m_FxEnabled":false},"in2DMode":false,"pivot":{"x":1.2485902309417725,"y":3.946247100830078,"z":-14.366157531738282},"rotation":{"x":0.2923569679260254,"y":-0.043015312403440478,"z":0.013164976611733437,"w":0.9552514553070068},"size":2.2825119495391847,"orthographic":false}