{"cameraMode":{"drawMode":0,"name":"Shaded","section":"Shading Mode"},"sceneLighting":false,"audioPlay":false,"sceneViewState":{"m_AlwaysRefresh":true,"showFog":true,"showSkybox":true,"showFlares":true,"showImageEffects":true,"showParticleSystems":true,"showVisualEffectGraphs":true,"m_FxEnabled":false},"in2DMode":false,"pivot":{"x":-24.910036087036134,"y":3.8804397583007814,"z":21.92201042175293},"rotation":{"x":0.007324744947254658,"y":-0.9817991852760315,"z":0.18344084918498994,"w":0.058643512427806857},"size":2.680309295654297,"orthographic":false}