{"cameraMode":{"drawMode":0,"name":"Shaded","section":"Shading Mode"},"sceneLighting":false,"audioPlay":false,"sceneViewState":{"m_AlwaysRefresh":false,"showFog":true,"showSkybox":false,"showFlares":true,"showImageEffects":true,"showParticleSystems":true,"showVisualEffectGraphs":true,"m_FxEnabled":true},"in2DMode":false,"pivot":{"x":1.8470001220703126,"y":2.358999729156494,"z":2.115999698638916},"rotation":{"x":-0.008225697092711926,"y":-0.9893333315849304,"z":0.1316671371459961,"w":-0.061807289719581607},"size":3.3982839584350588,"orthographic":false}