{"cameraMode":{"drawMode":0,"name":"Shaded","section":"Shading Mode"},"sceneLighting":false,"audioPlay":false,"sceneViewState":{"m_AlwaysRefresh":false,"showFog":true,"showSkybox":false,"showFlares":true,"showImageEffects":true,"showParticleSystems":true,"showVisualEffectGraphs":true,"m_FxEnabled":true},"in2DMode":false,"pivot":{"x":0.03900003433227539,"y":0.809999942779541,"z":-0.010999917984008789},"rotation":{"x":0.10567514598369599,"y":0.15671125054359437,"z":-0.01457202062010765,"w":0.9823371767997742},"size":13.022601127624512,"orthographic":false}