{"cameraMode":{"drawMode":0,"name":"Shaded","section":"Shading Mode"},"sceneLighting":true,"audioPlay":false,"sceneViewState":{"m_AlwaysRefresh":false,"showFog":true,"showSkybox":true,"showFlares":true,"showImageEffects":true,"showParticleSystems":true,"showVisualEffectGraphs":true,"m_FxEnabled":true},"in2DMode":false,"pivot":{"x":-1.1210191249847413,"y":4.10741662979126,"z":-7.026163578033447},"rotation":{"x":-0.013271074742078781,"y":0.5427320599555969,"z":0.0037729372270405294,"w":0.8404772281646729},"size":0.7590529918670654,"orthographic":false}