{"cameraMode":{"drawMode":0,"name":"Shaded","section":"Shading Mode"},"sceneLighting":true,"audioPlay":false,"sceneViewState":{"m_AlwaysRefresh":false,"showFog":true,"showSkybox":true,"showFlares":true,"showImageEffects":true,"showParticleSystems":true,"showVisualEffectGraphs":true,"m_FxEnabled":true},"in2DMode":false,"pivot":{"x":-3.892652750015259,"y":1.3478760719299317,"z":4.672781467437744},"rotation":{"x":0.09782370179891586,"y":-0.3953201174736023,"z":0.042376648634672168,"w":0.9123505353927612},"size":4.903629779815674,"orthographic":false}