{"cameraMode":{"drawMode":0,"name":"Shaded","section":"Shading Mode"},"sceneLighting":true,"audioPlay":false,"sceneViewState":{"m_AlwaysRefresh":false,"showFog":true,"showSkybox":true,"showFlares":true,"showImageEffects":true,"showParticleSystems":true,"showVisualEffectGraphs":true,"m_FxEnabled":true},"in2DMode":false,"pivot":{"x":2.0702457427978517,"y":0.7378219962120056,"z":-3.9526920318603517},"rotation":{"x":0.0027789759915322067,"y":-0.9781772494316101,"z":0.21189847588539124,"w":-0.005815949756652117},"size":8.662954330444336,"orthographic":false}