{"cameraMode":{"drawMode":0,"name":"Shaded","section":"Shading Mode"},"sceneLighting":false,"audioPlay":false,"sceneViewState":{"m_AlwaysRefresh":false,"showFog":true,"showSkybox":false,"showFlares":true,"showImageEffects":true,"showParticleSystems":true,"showVisualEffectGraphs":true,"m_FxEnabled":true},"in2DMode":false,"pivot":{"x":-0.33725881576538088,"y":3.2966785430908205,"z":0.826296329498291},"rotation":{"x":-0.22901873290538789,"y":-0.7130699157714844,"z":0.26991772651672366,"w":-0.6052477955818176},"size":19.558544158935548,"orthographic":false}