{"cameraMode":{"drawMode":0,"name":"Shaded","section":"Shading Mode"},"sceneLighting":false,"audioPlay":false,"sceneViewState":{"m_AlwaysRefresh":false,"showFog":false,"showSkybox":false,"showFlares":false,"showImageEffects":false,"showParticleSystems":false,"showVisualEffectGraphs":true,"m_FxEnabled":true},"in2DMode":false,"pivot":{"x":0.01178574375808239,"y":1.617596983909607,"z":0.24415254592895509},"rotation":{"x":0.01602322980761528,"y":-0.966049313545227,"z":0.25059452652931216,"w":0.06150897219777107},"size":3.0167999267578127,"orthographic":false}